<!-- nginx-service.xml -->
<service>
  <id>Nginx</id>
  <name>Nginx Service</name>
  <description>High Performance Nginx Service</description>
  <logpath>D:\tools\nginx-1.21.2\logs</logpath>
  <log mode="roll-by-size">
    <sizeThreshold>10240</sizeThreshold>
    <keepFiles>8</keepFiles>
  </log>
  <executable>D:\tools\nginx-1.21.2\nginx.exe</executable>
  <startarguments>-p D:\tools\nginx-1.21.2</startarguments>
  <stopexecutable>D:\tools\nginx-1.21.2\nginx.exe</stopexecutable>
  <stoparguments>-p D:\tools\nginx-1.21.2 -s stop</stoparguments>
</service>

